{"cameraMode":{"drawMode":0,"name":"Shaded","section":"Shading Mode"},"sceneLighting":false,"audioPlay":false,"sceneViewState":{"m_AlwaysRefresh":false,"showFog":true,"showSkybox":false,"showFlares":true,"showImageEffects":true,"showParticleSystems":true,"showVisualEffectGraphs":true,"m_FxEnabled":true},"in2DMode":false,"pivot":{"x":0.9810000061988831,"y":0.7590000033378601,"z":4.181000232696533},"rotation":{"x":-0.39949238300323489,"y":-0.012103982269763947,"z":0.0052750809118151669,"w":-0.916642963886261},"size":0.20985305309295655,"orthographic":false}